SIPUrl,Tagline
https://www.justanswer.com/sip/appliance/,Chat with an Appliance Technician in minutes—for free
https://www.justanswer.com/sip/appliance/,Chat with a Service Technician in minutes—for free
https://www.justanswer.com/sip/appliance/,Chat with a Technician in minutes—for free
https://www.justanswer.com/sip/appliance/,Chat with an AU Lawyer in minutes—for free
https://www.justanswer.com/sip/appliance/,Chat with a Lawyer in minutes—for free
https://www.justanswer.com/sip/appliance/,Chat with a Tax Lawyer in minutes—for free
https://www.justanswer.com/sip/appliance/,Chat with a Canadian Lawyer in minutes—for free
https://www.justanswer.com/sip/appliance/,Chat with a Lawyer in minutes—for free
https://www.justanswer.com/sip/appliance/,Chat with a Tenant Lawyer in minutes—for free
https://www.justanswer.com/sip/appliance/,Chat with an Employment Lawyer in minutes—for free
https://www.justanswer.com/sip/appliance/,Chat with a Harassment Lawyer in minutes—for free
https://www.justanswer.com/sip/appliance/,Chat with a Labor Lawyer in minutes—for free
https://www.justanswer.com/sip/appliance/,Chat with an Immigration Lawyer in minutes—for free
https://www.justanswer.com/sip/appliance/,Chat with a Visa Expert in minutes—for free
https://www.justanswer.com/sip/appliance/,Chat with a Green Card Expert in minutes—for free
https://www.justanswer.com/sip/appliance/,Chat with a Lawyer in minutes—for free
https://www.justanswer.com/sip/appliance/,Chat with a Criminal Law Lawyer in minutes—for free
https://www.justanswer.com/sip/appliance/,Chat with a Privacy Lawyer in minutes—for free
https://www.justanswer.com/sip/appliance/,Chat with a Real Estate Lawyer in minutes—for free
https://www.justanswer.com/sip/appliance/,Chat with a Lawyer in minutes—for free
https://www.justanswer.com/sip/appliance/,Chat with a Property Lawyer in minutes—for free
https://www.justanswer.com/sip/appliance/,Chat with a Social Security Lawyer in minutes—for free
https://www.justanswer.com/sip/appliance/,Chat with a Tax Professional in minutes—for free
https://www.justanswer.com/sip/appliance/,Chat with a SSI Lawyer in minutes—for free
https://www.justanswer.com/sip/appliance/,Chat with a Doctor in minutes—for free
https://www.justanswer.com/sip/appliance/,Chat with a Health Professional in minutes—for free
https://www.justanswer.com/sip/appliance/,Chat with a Doctor or Nurse in minutes—for free
https://www.justanswer.com/sip/appliance/,Chat with an Auto Mechanic in minutes—for free
https://www.justanswer.com/sip/appliance/,Chat with a Brake Mechanic in minutes—for free
https://www.justanswer.com/sip/appliance/,Chat with a Caliper Mechanic in minutes—for free
https://www.justanswer.com/sip/appliance/,Chat with a Lawyer in minutes—for free
https://www.justanswer.com/sip/appliance/,Chat with a Family Lawyer in minutes—for free
https://www.justanswer.com/sip/appliance/,Chat with a Contract Lawyer in minutes—for free
https://www.justanswer.com/sip/appliance/,Chat with a USPS Services Expert in minutes—for free
https://www.justanswer.com/sip/appliance/,Chat with a Career Counselor in minutes—for free
https://www.justanswer.com/sip/appliance/,Chat with a Parenting Counselor in minutes—for free
https://www.justanswer.com/sip/appliance/,Chat with an Accountant in minutes—for free
https://www.justanswer.com/sip/appliance/,Chat with a Tax Professional in minutes—for free
https://www.justanswer.com/sip/appliance/,Chat with a Tax Lawyer in minutes—for free
https://www.justanswer.com/sip/appliance/,Chat with an Autism Spectrum Disorder Expert in minutes—for free
https://www.justanswer.com/sip/appliance/,Chat with a Cardiologist in minutes—for free
https://www.justanswer.com/sip/appliance/,Chat with a Dentist in minutes—for free
https://www.justanswer.com/sip/appliance/,Chat with a Home Improvement Expert in minutes—for free
https://www.justanswer.com/sip/appliance/,Chat with a Technician in minutes—for free
https://www.justanswer.com/sip/appliance/,Chat with an Appliance Technician in minutes—for free
https://www.justanswer.com/sip/appliance/,Chat with a Veterinarian in minutes—for free
https://www.justanswer.com/sip/appliance/,Chat with a Bird Veterinarian in minutes—for free
https://www.justanswer.com/sip/appliance/,Chat with a Cat Veterinarian in minutes—for free
https://www.justanswer.com/sip/appliance/,Chat with a Car Electronics Technician in minutes—for free
https://www.justanswer.com/sip/appliance/,Chat with a Microsoft Technician in minutes—for free
https://www.justanswer.com/sip/appliance/,Chat with a Computer Technician in minutes—for free
https://www.justanswer.com/sip/appliance/,Chat with a Tech Support Specialist in minutes—for free
https://www.justanswer.com/sip/appliance/,Chat with a Microsoft Technician in minutes—for free
https://www.justanswer.com/sip/appliance/,dfg
https://www.justanswer.com/sip/appliance/,dfg
https://www.justanswer.com/sip/appliance/,dfg
https://www.justanswer.com/sip/appliance/,dfg
https://www.justanswer.com/sip/appliance/,dfg
https://www.justanswer.com/sip/appliance/,dfg
https://www.justanswer.com/sip/appliance/,dfg
https://www.justanswer.com/sip/appliance/,dfg
https://www.justanswer.com/sip/appliance/,dfg
https://www.justanswer.com/sip/appliance/,dfg
https://www.justanswer.com/sip/appliance/,dfg
https://www.justanswer.com/sip/appliance/,dfg
https://www.justanswer.com/sip/appliance/,dfg
https://www.justanswer.com/sip/appliance/,dfg
https://www.justanswer.com/sip/appliance/,dfg
https://www.justanswer.com/sip/appliance/,dfg
https://www.justanswer.com/sip/appliance/,dfg
https://www.justanswer.com/sip/appliance/,dfg
https://www.justanswer.com/sip/appliance/,dfg
